time,magnitude,latitude,longitude,delta_time
2020-02-01 00:42:22,2.6360214,17.214687,-66.53376,1.9587312
2020-02-01 04:07:55,4.714921,28.580929,-25.099104,3.4257982
2020-02-01 04:15:15,3.484325,39.21125,-9.30492,0.122103065
2020-02-01 06:23:25,4.8220444,-54.854862,-29.080086,2.136188
2020-02-01 06:57:01,3.6159182,17.181812,-64.78996,0.5599042
2020-02-01 13:47:30,3.0601528,20.999914,-68.08959,6.8415613
2020-02-01 14:30:46,2.9613347,18.871214,-65.78033,0.72091883
2020-02-01 15:40:46,3.4276364,17.455683,-66.89309,1.1668597
2020-02-01 15:54:29,3.7091289,17.284866,-64.04725,0.22859824
2020-02-01 16:14:37,3.3540645,17.533396,-64.97124,0.33551726
2020-02-01 20:20:06,4.7214828,-62.794838,-24.596954,4.091446
2020-02-01 20:40:23,2.351814,19.724909,-64.96621,0.33811364
2020-02-01 20:54:36,3.4087646,18.283283,-64.343124,0.23666984
2020-02-01 22:01:54,4.9387717,-41.580223,-20.733332,1.1217711
2020-02-01 22:16:39,3.078105,22.485994,-65.826126,0.24589905
2020-02-02 00:26:53,2.8255584,17.584806,-65.49111,2.1704097
2020-02-02 00:23:07,4.3070836,-38.068024,-24.319593,-0.062579334
2020-02-02 01:39:19,3.1004982,20.61028,-65.17994,1.269932
2020-02-02 01:47:58,3.5321233,19.528868,-65.65756,0.1442419
2020-02-02 00:56:41,5.204038,-59.189205,-36.112267,-0.85491955
2020-02-02 00:58:38,2.7806928,17.848886,-68.12972,0.0325724
2020-02-02 08:12:00,4.6739855,-53.224876,-28.622694,7.222939
2020-02-02 09:04:32,2.5138588,18.761019,-65.702415,0.87554145
2020-02-02 11:08:21,4.2645497,44.49982,-18.460537,2.0633905
2020-02-02 10:58:44,2.746264,18.603125,-65.709175,-0.16007566
2020-02-02 12:20:20,2.8615885,18.63379,-65.40038,1.360013
2020-02-02 12:32:25,3.1680872,18.329456,-68.5105,0.20141117
2020-02-02 14:08:57,3.9211175,10.902616,-63.07203,1.608633
2020-02-02 19:23:12,2.9893425,18.337193,-64.848015,5.2375236
2020-02-02 20:05:03,3.6344705,15.107608,-59.78015,0.6976705
2020-02-02 21:18:09,2.8851516,17.747147,-65.38753,1.2182711
2020-02-02 20:40:32,3.3217995,17.675186,-65.6522,-0.62701595
2020-02-02 20:27:30,3.2920716,18.416407,-64.44789,-0.21711518
2020-02-03 00:47:59,3.990851,70.84944,14.1336,4.3413906
2020-02-03 02:30:52,3.1762109,19.57897,-66.69311,1.7146349
2020-02-03 02:02:32,5.0553803,-9.379928,-41.187954,-0.47215632
2020-02-03 14:33:06,5.3114896,22.526028,-60.631374,12.509495
2020-02-03 14:56:11,4.1031046,-53.41658,-23.193604,0.38456088
2020-02-03 15:51:19,3.0703452,18.691944,-64.850204,0.9189858
2020-02-03 19:53:23,2.8617048,17.952398,-66.825264,4.034309
2020-02-04 00:25:50,3.7475274,26.789875,28.300219,4.5409274
2020-02-03 23:44:16,3.0035832,17.023619,-66.328636,-0.69262487
2020-02-04 00:27:54,3.992518,15.00028,-57.22397,0.7271152
2020-02-04 02:29:03,3.4257991,17.759172,-65.42689,2.0191636
2020-02-04 01:46:15,4.3396454,21.297213,-65.46962,-0.71344346
2020-02-04 01:39:30,4.1090426,28.598368,-60.841915,-0.112405196
2020-02-04 02:53:11,2.9746583,18.764719,-67.202614,1.2280395
2020-02-04 03:17:47,3.4637232,20.275974,-68.20652,0.4099114
2020-02-04 04:27:07,3.7231843,25.778093,-66.92183,1.155598
2020-02-04 04:07:42,2.6119044,18.766184,-66.4328,-0.3235916
2020-02-04 06:16:26,3.8986914,27.5704,-16.166977,2.1455889
2020-02-04 11:01:01,4.0087776,4.0141397,-53.06501,4.7429795
2020-02-04 17:16:52,4.4701557,50.371136,29.051546,6.264195
2020-02-05 00:07:10,2.6004086,18.510664,-65.96226,6.8382564
2020-02-05 01:52:28,2.6260803,18.226171,-65.26254,1.7551936
2020-02-05 03:21:16,4.369941,-64.32239,-34.507446,1.4800699
2020-02-05 12:40:08,2.750125,16.78466,-63.875233,9.314188
2020-02-05 10:04:50,3.999981,64.74186,-35.939484,-2.5882187
2020-02-05 10:20:41,2.9748797,19.565287,-65.50336,0.26412556
2020-02-05 11:04:54,2.7120156,18.146984,-66.917015,0.7370015
2020-02-05 11:51:23,2.9606812,19.326565,-66.07343,0.7747986
2020-02-05 17:16:00,3.0687964,19.169512,-66.680084,5.410317
2020-02-05 16:02:45,4.5423946,-7.8954086,-33.641438,-1.2210852
2020-02-05 18:02:15,3.1390707,18.100163,-65.4102,1.9918083
2020-02-05 19:13:10,2.7231104,18.44295,-69.2643,1.1819404
2020-02-05 21:07:40,2.6356056,16.062666,-65.9485,1.9082605
2020-02-06 11:04:41,3.0504396,17.669231,-68.517784,13.950293
2020-02-06 14:10:56,4.2799206,55.594242,7.2756796,3.1043153
2020-02-06 14:58:15,2.8086443,18.396908,-65.91533,0.7885468
2020-02-06 18:30:14,3.2097535,21.919966,-66.28043,3.5330646
2020-02-06 17:58:03,2.6451416,19.363642,-64.59554,-0.5365368
2020-02-06 20:48:25,4.835664,-50.23931,-32.79688,2.8394616
2020-02-06 21:22:23,3.375383,16.599134,-62.30138,0.56622314
2020-02-07 01:09:22,3.2793024,19.70648,-66.8886,3.782935
2020-02-07 04:18:04,3.4320035,21.382698,-69.52045,3.1450813
2020-02-07 08:22:52,3.2684805,16.596731,-66.35741,4.0799203
2020-02-07 09:42:29,3.0405233,16.976088,-65.97074,1.327173
2020-02-07 10:20:42,3.0875306,20.319235,-65.70745,0.6367763
2020-02-07 11:07:59,5.1661806,-44.824615,-23.725584,0.7881459
2020-02-07 12:03:40,2.6772716,17.644575,-65.8798,0.92791295
2020-02-07 15:11:29,2.865377,17.864956,-66.25179,3.130302
2020-02-07 21:04:49,4.7033873,-61.054565,-19.821375,5.8890376
2020-02-09 00:19:13,2.8490834,21.12895,-69.83608,27.239832
2020-02-08 23:43:45,5.1287403,89.66617,-29.216192,-0.5911002
2020-02-09 06:47:50,4.8104234,41.86492,20.025217,7.068146
2020-02-09 15:27:27,2.5039823,19.24164,-66.65085,8.6601305
2020-02-09 15:56:25,2.7094035,22.30047,-68.207016,0.482789
2020-02-09 20:44:48,5.0137367,-47.609966,-14.774194,4.806479
2020-02-09 20:40:44,2.7484403,18.377443,-67.47859,-0.06784481
2020-02-10 00:07:47,5.1441836,-63.047314,-29.443993,3.4508338
2020-02-10 01:33:36,4.1206098,-58.926147,-38.30372,1.4304197
2020-02-09 23:31:48,4.2991433,17.669924,-69.6972,-2.0299451
2020-02-09 20:21:55,4.2676063,61.288853,-33.2373,-3.1649184
2020-02-10 00:33:17,3.9166744,16.61402,-67.51996,4.1895638
2020-02-10 10:06:43,2.9839406,22.404192,-67.123375,9.557173
2020-02-10 13:22:10,2.7921836,19.747522,-67.06884,3.257418
2020-02-10 15:39:39,2.8842351,17.573841,-68.21269,2.2915692
2020-02-10 15:22:43,2.6433945,19.863007,-65.84578,-0.2823294
2020-02-10 19:55:00,2.8858066,17.316813,-66.73304,4.538077
2020-02-11 16:44:02,3.3387377,12.207855,-57.968075,20.817125
2020-02-11 18:31:00,2.6505852,20.448236,-66.56548,1.7827961
2020-02-11 20:09:51,4.0225105,13.110321,-64.52326,1.6474849
2020-02-12 00:26:39,4.1851068,51.01624,-5.0828457,4.2801433
2020-02-12 03:42:28,4.8364787,-49.53174,-26.934462,3.2635899
2020-02-12 09:22:53,5.7073593,44.37251,-39.339535,5.673612
2020-02-12 11:04:09,3.8600116,12.162603,-66.42531,1.6877552
2020-02-12 15:25:49,5.576086,35.14308,-27.010693,4.3612204
2020-02-12 17:07:34,3.4964395,17.988335,-63.038696,1.695609
2020-02-12 19:00:29,2.847515,19.975044,-68.06788,1.8820689
2020-02-13 00:22:54,3.0751195,18.478394,-65.976425,5.3735156
2020-02-13 00:49:24,2.964238,18.030464,-66.467125,0.44172806
2020-02-13 11:05:16,3.716493,16.63343,-66.598015,10.264507
2020-02-13 12:11:34,2.6339867,18.043104,-65.85919,1.1050328
2020-02-13 13:35:41,4.3453603,-58.336834,-24.680887,1.4017656
2020-02-13 14:33:27,2.9869163,13.675612,-65.94363,0.9628496
2020-02-13 18:16:45,4.813512,24.377472,0.34284234,3.721629
2020-02-13 18:37:48,3.0074553,19.779652,-67.31656,0.35098368
2020-02-13 20:10:03,2.7137394,17.381353,-64.88241,1.5374715
2020-02-13 22:00:30,4.735221,-51.181057,-23.636585,1.8407542
2020-02-14 08:43:00,3.0659435,19.317627,-66.38014,10.708325
2020-02-14 11:32:07,2.7087238,18.791876,-67.06561,2.8185425
2020-02-14 11:39:51,2.7287128,17.623716,-66.20607,0.12889703
2020-02-14 14:06:34,2.946883,18.297115,-62.153828,2.445329
2020-02-14 15:26:13,2.770804,19.471941,-66.7848,1.3276455
2020-02-14 22:30:19,4.096175,33.094307,-42.594864,7.068264
2020-02-15 00:42:23,4.6150975,-61.34098,-24.35311,2.2010431
2020-02-15 01:51:40,2.633767,20.130781,-64.637,1.154814
2020-02-15 07:35:41,2.992546,21.414198,-67.92231,5.7336254
2020-02-15 09:34:59,2.8623943,19.346378,-65.52786,1.9881952
2020-02-15 12:35:05,3.9084496,16.148987,-4.913208,3.0017374
2020-02-15 16:54:13,4.9595666,-57.728817,-25.643225,4.318965
2020-02-15 20:25:04,4.5125484,-54.375267,-26.502705,3.5141723
2020-02-16 00:57:52,3.7792542,41.544437,-23.590036,4.546709
2020-02-16 01:38:00,4.399093,-47.088913,-31.062065,0.6688188
2020-02-16 01:19:55,3.2227075,19.206474,-67.80931,-0.30152944
2020-02-16 01:40:30,4.5928445,-48.602695,-34.34689,0.34327394
2020-02-16 01:08:20,2.8486505,19.125172,-64.167366,-0.5363189
2020-02-16 03:37:03,3.07897,20.315023,-65.82862,2.4786043
2020-02-16 07:06:13,3.8382747,38.94221,22.427158,3.486303
2020-02-16 05:32:55,4.5747538,29.9053,8.03875,-1.5550563
2020-02-16 05:57:51,2.863472,17.866491,-65.50137,0.4154964
2020-02-16 14:21:56,4.429352,-56.552704,-23.280067,8.401458
2020-02-16 16:01:59,3.9486985,42.468506,-5.296093,1.667516
2020-02-16 15:46:11,3.4068174,16.725506,-65.99948,-0.26350248
2020-02-17 00:20:29,2.8392575,19.695639,-68.26128,8.571774
2020-02-17 04:56:35,3.243024,19.507519,-67.87774,4.6016006
2020-02-17 15:19:10,4.9457064,-7.323363,16.103746,10.3765545
2020-02-17 19:41:42,4.2873626,-48.361156,-22.54356,4.375451
2020-02-17 22:48:27,4.5212784,-60.49315,-23.295675,3.1124356
2020-02-18 00:44:40,2.5226567,19.278585,-62.91373,1.9369848
2020-02-18 03:13:45,4.15253,-56.03972,-16.532347,2.4846482
2020-02-18 09:54:39,2.7008834,18.739775,-65.88086,6.681722
2020-02-18 11:33:56,3.191945,18.285545,-68.51354,1.6548529
2020-02-18 13:40:18,3.7752175,17.658802,-68.74034,2.1061006
2020-02-18 12:38:35,4.5881863,-49.924816,-17.884842,-1.0285928
2020-02-18 14:12:10,4.2897344,22.768988,-57.335213,1.5595795
2020-02-18 14:37:29,5.137339,-58.58938,-29.053244,0.42211878
2020-02-18 18:25:29,3.5943768,21.749441,-62.88417,3.799852
2020-02-18 19:06:38,4.6659737,-51.758354,-16.90069,0.685797
2020-02-19 00:21:38,2.9486198,23.629463,-66.961044,5.2500353
2020-02-19 02:51:54,3.0144742,18.454536,-65.23225,2.50455
2020-02-19 04:35:34,2.6945314,18.721819,-65.08148,1.7275583
2020-02-19 05:35:35,2.759821,20.344357,-66.23724,1.0003649
2020-02-20 00:32:51,2.9876342,17.463366,-62.86441,18.95438
2020-02-20 02:02:50,4.1237464,-7.0249853,-0.39752254,1.4998536
2020-02-20 06:41:13,4.246828,-61.440388,-24.561888,4.639777
2020-02-20 08:52:57,2.9096873,17.016706,-64.682205,2.1956058
2020-02-20 10:07:25,2.8711617,16.207808,-64.036674,1.2409047
2020-02-20 15:47:17,5.178195,-50.73775,-18.092155,5.6646137
2020-02-20 22:21:16,4.8275995,-51.22687,-26.207375,6.566325
2020-02-21 05:01:11,3.5449653,24.159538,-66.42698,6.665313
2020-02-21 06:11:44,2.737256,18.792192,-65.835915,1.1758283
2020-02-21 14:32:46,4.204122,-59.643135,-27.079268,8.350378
2020-02-21 15:34:13,3.1952615,20.719282,-62.19221,1.0243579
2020-02-21 20:08:22,4.555698,-55.174793,-21.944166,4.5691648
2020-02-22 03:25:59,2.603231,16.686525,-63.68584,7.293418
2020-02-22 05:48:16,3.2828145,19.30996,-66.14678,2.3715522
2020-02-22 07:11:16,3.2723765,21.023342,-66.139244,1.3833876
2020-02-22 09:11:21,3.7353797,13.33394,-66.33761,2.001374
2020-02-22 10:37:38,2.9573736,16.29153,-65.09259,1.437965
2020-02-22 10:47:11,3.8963988,22.635012,-63.96538,0.1590749
2020-02-22 22:13:09,2.819319,22.467583,-63.056194,11.432935
2020-02-22 21:54:58,3.2383492,17.915007,-66.36782,-0.30299723
2020-02-23 01:15:27,4.183588,-56.995605,-18.537827,3.3413708
2020-02-23 05:15:40,3.5413568,17.75348,-67.00515,4.0035954
2020-02-23 10:50:22,2.8167024,16.998129,-66.0969,5.5783362
2020-02-23 11:26:42,4.319189,9.959293,-67.36074,0.6055442
2020-02-23 18:52:39,3.866414,23.432028,-58.486286,7.43244
2020-02-23 23:36:48,2.9087446,17.14184,-64.65844,4.735864
2020-02-24 11:35:36,5.5112476,-55.08344,-22.894007,11.979854
2020-02-24 13:06:32,3.6506898,16.012213,-63.46303,1.515803
2020-02-24 15:05:17,3.79772,20.358486,-66.144844,1.9789755
2020-02-24 16:12:27,2.9371116,21.54825,-65.425095,1.1195327
2020-02-25 04:06:55,2.6266081,17.933514,-64.95297,11.907631
2020-02-25 12:41:50,4.241102,-64.06259,-30.061932,8.581942
2020-02-25 12:51:25,4.0304666,-46.53491,-8.057622,0.15977636
2020-02-25 18:05:29,5.250206,-43.731808,-32.15446,5.23456
2020-02-25 19:56:08,2.9259336,21.358236,-67.287735,1.8442421
2020-02-26 08:16:36,4.895562,-56.321796,-18.491234,12.341016
2020-02-26 14:23:33,4.561626,-8.512263,-7.5168066,6.115712
2020-02-26 12:43:46,4.5733805,-49.880028,-33.313778,-1.6629763
2020-02-27 00:32:56,3.3035254,20.230608,-65.01689,11.819396
2020-02-27 02:59:42,4.686605,-46.82992,-33.43035,2.4460702
2020-02-27 06:02:56,4.9844117,-50.88346,-26.375208,3.0538526
2020-02-27 08:01:34,2.9450855,18.693838,-66.75688,1.9773296
2020-02-27 07:31:28,4.631895,-33.573673,-14.060758,-0.50165445
2020-02-27 12:31:39,4.579651,88.97601,-31.972654,5.003189
2020-02-27 14:26:22,3.470029,20.556019,-64.677414,1.9118884
2020-02-27 17:44:25,4.780154,54.15595,-36.454155,3.3008766
2020-02-27 19:00:22,2.5674443,16.898346,-65.141945,1.2657589
2020-02-28 07:33:37,3.1220589,22.560472,-66.46143,12.554135
2020-02-28 12:01:05,2.5149174,21.323263,-68.74627,4.457671
2020-02-28 12:34:19,3.3121643,18.064182,-69.61685,0.55407625
2020-02-28 09:11:37,4.771047,55.19738,5.140649,-3.3784583
2020-02-28 20:16:06,4.401951,-59.819756,-29.381664,11.074638
2020-02-29 01:02:47,3.36736,20.071012,-65.54661,4.778233
2020-02-29 15:58:28,3.198574,16.662018,-68.03869,14.928088
2020-02-29 18:26:59,3.05558,20.752472,-66.17658,2.4751086
2020-03-01 02:22:22,4.857937,-51.386204,-19.508389,7.9231734
2020-03-02 06:23:59,3.1120305,20.571667,-69.44355,28.02695
2020-03-02 08:01:39,2.70845,18.653332,-67.18774,1.6278075
2020-03-02 09:22:36,4.643923,-54.307064,-16.839195,1.3491553
2020-03-02 18:00:26,4.5424848,-56.328312,-30.49518,8.630453
2020-03-03 17:55:31,3.3960218,18.362682,-70.79378,23.918234
2020-03-04 08:48:56,4.082562,-52.414703,-24.182837,14.89013
2020-03-04 18:41:35,2.9107661,15.249574,-64.71085,9.87759
2020-03-04 23:53:57,3.8858404,19.381096,-64.53825,5.206127
2020-03-05 13:21:01,3.1984234,11.863928,-67.55141,13.450962
2020-03-05 12:22:33,4.991516,-23.616165,4.5128713,-0.97448885
2020-03-05 12:51:20,4.5657134,-47.274635,-16.52262,0.47972816
2020-03-05 15:37:17,2.7167253,23.03755,-65.717705,2.7658932
2020-03-05 17:45:02,4.9107184,-63.53566,-37.050617,2.1292427
2020-03-05 21:06:05,4.93044,-61.081432,-28.392366,3.3507519
2020-03-05 23:05:08,2.6711557,19.496738,-65.90545,1.9841887
2020-03-06 09:19:20,2.7284734,20.269737,-67.13839,10.236768
2020-03-06 08:59:49,4.1685004,35.797447,16.653212,-0.325278
2020-03-06 18:22:27,5.08244,-53.80676,-30.685722,9.377096
2020-03-07 01:54:12,2.714003,15.450992,-63.768368,7.529235
2020-03-07 17:31:26,2.7445812,16.269892,-64.441055,15.620571
2020-03-07 19:11:03,3.9384043,20.02754,-60.793804,1.6603731
2020-03-07 16:16:00,4.2244616,55.531044,-20.886934,-2.917695
2020-03-07 20:07:06,4.8593664,-58.37096,-31.10443,3.851764
2020-03-08 14:47:55,4.5276937,-55.44076,-29.307981,18.680128
2020-03-08 16:29:54,4.2444315,-58.149788,-29.773838,1.6998885
2020-03-08 20:39:55,3.869041,51.807,18.821032,4.1668916
2020-03-09 06:05:25,4.77617,2.8373575,-6.963196,9.424903
2020-03-09 06:02:50,3.078587,18.884459,-64.31597,-0.04301493
2020-03-09 10:34:00,3.4241462,21.71504,-67.290825,4.5195484
2020-03-09 08:07:37,5.6647625,30.844746,-64.710495,-2.4397054
2020-03-09 11:54:21,2.5403457,21.1533,-65.49813,3.7789183
2020-03-09 13:27:56,4.9272437,-62.706936,-24.08795,1.5596662
2020-03-09 22:27:49,4.436319,-53.51581,-29.942286,8.998069
2020-03-09 22:58:59,4.5597305,20.333523,-19.30541,0.5194283
2020-03-10 08:32:58,2.6869242,20.121166,-71.28535,9.5662985
2020-03-10 10:50:50,4.9940605,-4.784611,-49.286083,2.2978704
2020-03-10 16:42:25,2.6460726,16.79308,-67.21703,5.859561
2020-03-10 19:56:47,5.6006904,48.80555,11.845563,3.2396638
2020-03-10 22:04:37,4.4884768,-58.262524,-26.297915,2.13044
2020-03-11 03:07:19,5.393101,-50.603626,-33.500416,5.0451593
2020-03-11 12:19:59,4.091221,63.834957,12.196304,9.210926
2020-03-11 12:00:19,4.997665,-62.643353,-24.345026,-0.32765928
2020-03-11 12:40:31,4.6137476,59.80249,0.31404987,0.6700148
2020-03-11 15:28:11,2.807399,19.792511,-66.26743,2.7943327
2020-03-12 06:46:41,4.8780284,-41.507042,-13.056896,15.308254
2020-03-12 14:46:38,4.6186156,-69.23014,-32.09305,7.999221
2020-03-12 23:54:15,2.9193082,19.61823,-67.22139,9.127062
2020-03-13 01:24:18,2.8998744,15.825276,-65.33519,1.5008327
2020-03-13 00:42:38,3.1054783,14.730296,-65.26199,-0.6945458
2020-03-13 02:11:36,3.776425,22.530561,-66.41462,1.4829259
2020-03-13 02:46:50,4.803806,-47.226063,-14.6150875,0.58723444
2020-03-13 07:59:36,3.2531834,17.927057,-66.16194,5.212768
2020-03-13 15:20:16,2.9332418,21.595274,-63.30711,7.3444314
2020-03-13 16:51:56,4.876609,78.46899,-0.099766955,1.5276198
2020-03-13 18:26:26,3.697151,19.198309,-69.94046,1.5750322
2020-03-13 18:34:24,3.900492,18.137827,-61.01151,0.13283497
2020-03-13 18:46:29,2.744411,21.619623,-65.82884,0.20132217
2020-03-14 03:53:22,2.7086291,17.69772,-65.92238,9.114844
2020-03-14 06:02:22,4.7145476,-60.052116,-22.066616,2.1498404
2020-03-14 07:06:38,2.9867878,15.185928,-65.81929,1.0711571
2020-03-14 10:52:39,3.4193687,22.793327,-67.66928,3.7669327
2020-03-14 13:23:34,4.8504252,-39.964066,-15.875161,2.5152738
2020-03-14 14:51:45,3.3329434,18.067217,-66.9243,1.4697967
2020-03-14 17:26:35,3.3244889,16.513018,-67.07234,2.580449
2020-03-14 23:36:32,4.6141777,-59.825825,-26.385023,6.1657743
2020-03-15 10:51:02,4.3155127,-43.33503,-16.180357,11.241855
2020-03-15 11:26:08,3.5356727,18.138449,-64.75373,0.5850139
2020-03-15 18:52:40,2.6668503,16.590565,-67.0563,7.442221
2020-03-15 20:48:50,4.5936413,-52.08247,-9.332937,1.9361672
2020-03-16 01:25:27,4.9523997,-70.04661,-23.57382,4.6102886
2020-03-16 04:30:32,3.9503987,63.035645,-29.068491,3.0846407
2020-03-16 04:29:15,2.975012,15.665313,-65.95875,-0.021390079
2020-03-16 06:23:10,4.5838237,-57.916977,-28.470488,1.8985553
2020-03-16 16:08:57,2.8427505,19.238235,-64.91276,9.762974
2020-03-17 13:03:31,5.689986,-58.60979,-13.287973,20.909523
2020-03-17 17:37:11,4.518539,-62.117245,-28.255136,4.561059
2020-03-17 19:21:21,2.832432,16.109287,-64.78847,1.7360518
2020-03-17 20:45:03,3.2346752,20.879738,-67.36506,1.395155
2020-03-17 20:31:10,5.068705,-61.015156,-29.51363,-0.23149626
2020-03-17 22:34:24,3.4637396,13.129837,-65.879486,2.0539393
2020-03-18 06:14:55,4.432131,-41.68238,-30.559734,7.675316
2020-03-18 05:36:05,4.01546,-46.99052,-31.573883,-0.64736986
2020-03-18 04:22:58,2.608899,15.800181,-64.44655,-1.218417
2020-03-18 07:25:23,2.6357846,19.064089,-65.87023,3.0403392
2020-03-19 08:30:49,3.2433364,17.513546,-62.14974,25.090355
2020-03-19 20:59:44,4.572527,21.70503,-68.57741,12.48197
2020-03-20 01:14:04,3.1505122,18.286203,-67.94058,4.2388225
2020-03-20 02:38:59,2.7321966,18.11767,-66.71298,1.4154863
2020-03-20 03:56:53,4.844619,-40.75713,-11.639838,1.2983627
2020-03-20 19:06:17,2.9319515,22.225668,-64.54901,15.156631
2020-03-20 19:14:48,2.883594,19.835236,-66.52123,0.14186257
2020-03-20 21:08:56,4.3017316,-62.36414,-28.97745,1.9022661
2020-03-21 02:42:16,5.0776787,74.76476,-28.798258,5.555509
2020-03-21 08:39:04,4.4118295,2.4212632,3.960835,5.946657
2020-03-21 15:52:37,4.571753,-61.178757,-19.839481,7.225976
2020-03-21 17:50:42,4.842638,-39.91712,-15.017488,1.9678737
2020-03-21 19:49:10,2.634676,16.326448,-66.18963,1.9745388
2020-03-21 21:35:45,2.8983216,15.758316,-66.75831,1.7763716
2020-03-21 20:49:50,4.419987,-59.772106,-18.134604,-0.76527643
2020-03-22 02:54:10,2.9482727,20.227837,-66.82031,6.0723248
2020-03-22 03:14:57,2.777488,18.518173,-67.94261,0.34622583
2020-03-22 09:48:27,4.4141655,-54.428627,-12.215121,6.5584464
2020-03-22 09:44:20,3.4184928,19.617346,-62.517838,-0.0686443
2020-03-22 14:30:33,4.490148,53.112667,15.106345,4.7701354
2020-03-22 23:30:06,3.6215827,16.987902,-67.14962,8.992579
2020-03-22 22:21:37,4.879503,70.24145,-7.0248265,-1.1414502
2020-03-22 23:32:02,3.1039803,22.238325,-64.96346,1.1737765
2020-03-23 07:25:02,2.4082968,20.15206,-64.45149,7.883162
2020-03-23 20:45:15,2.8284085,15.378636,-64.00718,13.336975
2020-03-24 01:05:37,5.199069,-64.5671,-33.976482,4.3395095
2020-03-24 06:39:39,4.70924,-56.685734,-26.823412,5.5673113
2020-03-24 08:46:46,3.269273,17.09059,-66.47635,2.1185412
2020-03-25 02:42:31,2.8924477,17.86472,-65.70781,17.929045
2020-03-25 19:20:09,3.284381,20.17969,-63.087433,16.627335
2020-03-25 22:50:39,4.894801,-58.17252,-29.69838,3.5083294
2020-03-26 10:13:26,3.2658505,16.158134,-65.6995,11.379736
2020-03-26 13:37:26,2.7072682,18.149387,-67.48429,3.4000096
2020-03-26 11:33:45,4.6880894,-56.292908,-25.883572,-2.0614042
2020-03-27 00:57:09,4.3025055,23.091469,-66.701996,13.390069
2020-03-27 05:08:42,3.977297,49.69357,-1.2240003,4.1924124
2020-03-27 07:10:55,3.0778015,20.154243,-66.43304,2.036818
2020-03-27 18:07:47,2.3576899,19.719225,-65.850266,10.947901
2020-03-27 19:38:24,5.7186756,-42.831806,-13.425873,1.510247
2020-03-28 04:12:11,4.484926,-66.4481,-21.003757,8.562969
2020-03-28 03:00:29,3.6427798,12.666679,-63.5208,-1.1948706
2020-03-28 03:58:40,2.8333359,23.46548,-68.67015,0.96976715
2020-03-28 10:31:21,4.909892,-53.870308,-19.856413,6.5447116
2020-03-28 10:02:37,2.8722155,19.783607,-66.95219,-0.47885075
2020-03-28 15:52:20,3.0310273,17.020708,-66.78681,5.828631
2020-03-28 17:46:02,5.254043,56.459972,-39.18315,1.8948402
2020-03-29 06:05:35,3.0638773,17.841974,-67.22707,12.325894
2020-03-29 08:09:52,2.7605803,17.191881,-65.56864,2.0715013
2020-03-29 09:01:28,2.8288984,17.861404,-66.24353,0.8598069
2020-03-29 09:33:40,3.3852558,18.748913,-67.40583,0.5368511
2020-03-29 11:21:13,2.7872767,18.098907,-65.01679,1.7924622
2020-03-29 12:29:51,2.747595,19.571085,-67.30184,1.1437802
2020-03-29 14:50:51,2.7352922,18.621649,-66.18793,2.350151
2020-03-29 18:04:33,4.953107,1.4083835,-6.9692764,3.2283306
2020-03-30 05:11:19,4.698821,7.050814,-71.773735,11.112728
2020-03-30 13:38:38,2.9212563,15.042734,-66.07027,8.455331
2020-03-30 18:29:23,2.7919705,18.664015,-67.06906,4.8458242
2020-03-31 01:00:29,2.8652873,19.436768,-66.71385,6.518173
2020-03-31 10:30:55,2.6113942,17.648039,-65.397896,9.507274
2020-03-31 21:40:56,2.3480544,21.373999,-63.917892,11.167007
